id,split,class4,bac,distance_km,vehicle,prior_dui_count,offense_year
4525,train,2,0.252,6.0,passenger,1,2020
4531,train,2,0.211,0.03,passenger,0,2021
4573,train,2,0.136,3.6,passenger,1,2021
4575,train,3,0.106,2.0,passenger,1,2020
4607,train,2,0.117,5.0,passenger,0,2021
4635,train,2,0.133,1.7,passenger,1,2021
4654,train,2,0.13,3.8,passenger,1,2020
4674,train,2,0.103,20.0,passenger,2,2021
4678,train,2,0.188,3.0,passenger,3,2021
4682,train,2,0.234,0.005,passenger,2,2021
4691,train,2,0.133,5.0,passenger,1,2020
4700,train,2,0.255,1.5,passenger,0,2021
4712,train,2,0.16,9.0,passenger,1,2021
4719,train,2,0.125,0.2,passenger,1,2019
4744,train,2,0.062,0.5,motorcycle,2,2020
4752,train,2,0.124,8.0,other,1,2019
4777,train,2,0.114,3.0,van,2,2021
4781,train,1,0.145,1.0,passenger,0,2021
4818,train,3,0.173,3.0,passenger,1,2021
4844,train,2,0.112,16.0,passenger,1,2020
4845,train,1,0.107,2.0,passenger,0,2021
4848,train,2,0.189,0.01,passenger,1,2021
4857,train,3,0.142,3.0,passenger,3,2021
4867,train,0,0.048,10.0,passenger,0,2020
4889,train,3,0.165,4.0,passenger,1,2021
4987,train,2,0.093,3.0,passenger,2,2021
4996,train,2,0.114,1.0,passenger,3,2021
5006,train,2,0.171,8.0,passenger,3,2021
5008,train,2,0.142,2.0,passenger,2,2021
5019,train,2,0.13,0.5,passenger,2,2021
5063,train,2,0.074,2.0,passenger,2,2021
5084,train,0,0.116,0.03,truck,1,2019
5105,train,0,0.206,0.7,passenger,0,2021
5108,train,2,0.116,30.0,passenger,2,2020
5122,train,2,0.109,4.0,passenger,1,2021
5137,train,2,0.09,0.15,passenger,1,2020
5175,train,2,0.122,0.7,passenger,1,2020
5217,train,0,0.05,2.0,truck,0,2019
5219,train,1,0.095,1.0,passenger,0,2021
5237,train,2,0.138,10.0,van,1,2021
5244,train,2,0.112,24.0,passenger,3,2020
5249,train,1,0.037,0.5,passenger,0,2021
5251,train,3,0.074,1.0,passenger,2,2021
5253,train,2,0.094,0.005,passenger,1,2019
5293,train,1,0.156,2.0,passenger,0,2021
5310,train,0,0.141,5.0,passenger,1,2021
5318,train,3,0.145,0.5,passenger,4,2020
5334,train,2,0.036,0.01,passenger,1,2021
5362,train,3,0.137,0.3,passenger,1,2020
5365,train,1,0.107,0.1,passenger,1,2021
5372,train,2,0.143,0.34,passenger,4,2020
5386,train,2,0.133,8.0,passenger,1,2020
5397,train,2,0.12,0.5,passenger,2,2020
5415,train,0,0.131,1.5,passenger,0,2020
5419,train,1,0.105,0.03,passenger,0,2021
5442,train,2,0.058,0.5,passenger,0,2021
5451,train,0,0.068,6.0,passenger,2,2015
5452,train,2,0.091,0.003,passenger,2,2021
5469,train,2,0.073,1.0,van,2,2021
5472,train,2,0.173,0.1,passenger,1,2021
5500,train,2,0.125,0.5,passenger,1,2020
5521,train,0,0.06,15.0,passenger,0,2020
5524,train,0,0.142,0.05,passenger,0,2021
5543,train,2,0.11,1.0,passenger,0,2021
5558,train,2,0.13,7.0,van,1,2020
5567,train,2,0.063,10.0,passenger,2,2020
5611,train,0,0.152,0.001,passenger,0,2021
5612,train,2,0.082,1.0,truck,2,2021
5639,train,2,0.12,0.15,other,1,2020
5685,train,2,0.233,0.4,truck,1,2021
5695,train,0,0.054,1.0,other,2,2020
5713,valid,2,0.249,2.5,truck,2,2020
5744,valid,2,0.186,0.5,van,1,2019
5749,valid,3,0.086,0.3,passenger,1,2020
5753,valid,2,0.177,0.3,other,0,2021
5783,valid,1,0.152,0.5,passenger,0,2021
5787,valid,2,0.208,2.0,passenger,0,2020
5793,valid,2,0.169,1.0,van,1,2019
5798,valid,2,0.078,0.4,other,1,2020
5802,valid,2,0.157,0.07,motorcycle,1,2020
5804,valid,2,0.153,0.1,passenger,2,2021
5862,test,2,0.162,0.002,other,1,2021
5863,test,2,0.27,0.3,passenger,1,2021
5873,test,3,0.323,10.0,passenger,0,2021
5905,test,1,0.135,11.0,truck,0,2021
5942,test,3,0.109,0.4,passenger,1,2020
5977,test,2,0.202,60.0,passenger,0,2021
5988,test,0,0.087,3.0,passenger,2,2020
5989,test,2,0.068,0.8,passenger,1,2020
5994,test,3,0.143,4.0,truck,0,2020
4551,train,2,0.036,0.003,passenger,1,2019
4686,train,2,0.174,0.5,passenger,1,2019
4856,train,2,0.079,1.0,passenger,1,2020
4969,train,2,0.196,0.02,truck,1,2020
5009,train,2,0.147,1.0,van,1,2019
5116,train,2,0.082,23.0,passenger,2,2021
5178,train,2,0.229,0.9,passenger,1,2020
5192,train,2,0.103,0.05,passenger,2,2020
5292,train,2,0.168,0.2,passenger,2,2020
5296,train,2,0.084,0.2,passenger,1,2020
5577,train,2,0.172,2.6,truck,2,2020
5690,train,2,0.067,3.0,passenger,2,2020
5927,test,2,0.126,0.5,passenger,1,2019
4664,train,3,0.073,60.0,passenger,8,2020
4658,train,2,0.156,1.5,passenger,5,2021
4878,train,3,0.135,6.0,passenger,6,2020
5128,train,0,0.217,0.5,passenger,5,2020
5208,train,3,0.184,10.0,passenger,5,2020
5494,train,2,0.183,3.2,truck,5,2020
5517,train,3,0.094,0.1,passenger,5,2021
5623,train,3,0.271,2.0,truck,8,2021
4680,train,2,0.179,,passenger,1,2021
4958,train,2,0.097,,passenger,3,2021
5369,train,2,0.179,,passenger,0,2021
5539,train,0,0.072,,van,0,2019
5458,train,2,0.152,,motorcycle,2,2019
4549,train,0,0.156,,passenger,1,2019
4576,train,2,0.122,,passenger,1,2019
4601,train,2,0.165,,passenger,1,2019
4692,train,2,0.089,,passenger,0,2019
4723,train,2,0.167,,passenger,3,2020
4896,train,2,0.215,,passenger,0,2019
4922,train,0,0.085,,passenger,1,2021
4960,train,2,0.135,,truck,2,2021
5028,train,2,0.16,,passenger,1,2021
5085,train,1,0.156,,truck,0,2019
5091,train,2,0.121,,truck,2,2021
5115,train,0,0.146,,passenger,0,2019
5132,train,2,0.183,,passenger,1,2020
5267,train,2,0.187,,passenger,1,2021
5312,train,1,0.058,,truck,0,2021
5319,train,2,0.092,,passenger,1,2021
5378,train,3,0.08,,passenger,1,2021
5394,train,2,0.145,,motorcycle,2,2019
5534,train,2,0.145,,passenger,1,2019
5579,train,2,0.059,,passenger,1,2021
5626,train,2,0.047,,passenger,1,2020
5708,valid,2,0.103,,passenger,1,2021
5732,valid,2,0.202,,passenger,3,2020
5738,valid,3,0.148,,motorcycle,1,2020
5739,valid,2,0.19,,truck,1,2021
5745,valid,0,0.163,,passenger,0,2019
5794,valid,0,0.175,,motorcycle,0,2020
5880,test,2,0.046,,passenger,1,2019
5974,test,2,0.049,,passenger,2,2021
4510,train,3,0.095,90.0,passenger,1,2021
4511,train,2,0.145,100.0,passenger,3,2020
4579,train,2,0.041,100.0,passenger,1,2019
4634,train,0,0.188,123.0,passenger,0,2021
4806,train,2,0.129,60.0,passenger,3,2020
5086,train,3,0.066,12.0,passenger,2,2019
5382,train,3,0.2,7.0,passenger,0,2020
5505,train,2,0.111,40.0,passenger,1,2020
5656,train,2,0.11,121.0,truck,1,2021
5691,train,0,0.062,10.0,passenger,1,2019
5842,valid,0,0.047,130.0,passenger,0,2020
5248,train,0,0.059,0.01,other,0,2013
5557,train,3,0.162,2.5,other,1,2021
5860,test,3,0.077,0.2,van,2,2021
5922,test,2,0.111,0.015,passenger,2,2020
5305,train,2,,,other,4,2020
5443,train,3,,,passenger,2,2019
5727,valid,2,,,passenger,3,2021
5716,valid,0,0.107,0.005,passenger,0,2013
5758,valid,2,0.152,0.003,passenger,3,2020
5795,valid,2,0.103,1.0,motorcycle,1,2021
4500,train,2,0.126,1.5,passenger,1,2021
4501,train,3,0.154,2.2,passenger,2,2021
4502,train,2,0.185,0.1,truck,2,2019
4503,train,0,0.117,0.5,passenger,0,2021
4504,train,2,0.112,25.0,van,1,2021
4505,train,3,0.179,2.0,passenger,1,2020
4506,train,0,0.056,13.0,passenger,2,2020
4507,train,2,0.21,2.0,passenger,0,2020
4508,train,2,0.049,10.0,passenger,1,2021
4509,train,2,0.128,0.01,truck,1,2020
4512,train,2,0.146,3.0,passenger,4,2020
4513,train,1,0.111,0.2,passenger,0,2019
4514,train,0,0.106,10.0,passenger,0,2021
4515,train,2,0.16,3.0,passenger,1,2020
4516,train,2,0.221,0.7,truck,0,2021
4517,train,2,0.157,1.5,passenger,2,2021
4518,train,3,0.164,0.05,passenger,1,2021
4519,train,0,0.19,0.05,passenger,2,2020
4520,train,2,0.099,0.03,passenger,1,2020
4521,train,2,0.11,7.0,passenger,0,2021
4522,train,1,0.109,1.0,passenger,0,2019
4523,train,2,0.089,0.163,van,0,2021
4524,train,0,0.161,0.55,passenger,1,2020
4526,train,0,0.085,0.1,passenger,1,2020
4527,train,2,0.062,0.4,truck,2,2021
4528,train,2,0.176,0.25,truck,1,2021
4529,train,2,0.153,1.0,van,1,2020
4530,train,2,0.148,0.35,passenger,0,2021
4532,train,2,0.142,1.6,passenger,2,2020
4533,train,3,0.313,0.005,truck,2,2020
4534,train,2,0.132,0.3,passenger,0,2021
4535,train,0,0.167,0.05,passenger,1,2020
4536,train,3,0.189,10.0,passenger,1,2019
4537,train,0,0.135,3.7,passenger,1,2020
4538,train,3,0.153,5.0,truck,1,2020
4539,train,2,0.107,0.3,passenger,2,2020
4540,train,2,0.152,0.5,truck,1,2021
4541,train,0,0.081,3.0,passenger,0,2021
4542,train,2,0.122,0.15,passenger,1,2020
4543,train,2,0.077,20.8,passenger,2,2021
4544,train,1,0.082,0.04,passenger,0,2021
4545,train,0,0.209,3.0,passenger,1,2021
4546,train,2,0.086,0.5,passenger,1,2020
4547,train,2,0.093,0.1,motorcycle,0,2021
4548,train,2,0.166,2.5,passenger,2,2021
4550,train,0,0.218,10.0,passenger,0,2021
4552,train,2,0.122,0.8,passenger,2,2021
4553,train,2,0.208,1.3,passenger,1,2021
4554,train,3,0.103,4.0,passenger,1,2020
4555,train,0,0.133,0.05,passenger,1,2020
4556,train,2,0.081,13.0,passenger,2,2020
4557,train,2,0.054,0.7,motorcycle,3,2021
4558,train,2,0.097,1.8,passenger,1,2020
4559,train,3,0.188,0.1,passenger,1,2019
4560,train,0,0.076,0.02,passenger,0,2016
4561,train,2,0.037,1.0,passenger,3,2019
4562,train,2,0.105,8.0,passenger,1,2020
4563,train,2,0.166,4.0,truck,1,2021
4564,train,2,0.077,0.1,passenger,2,2019
4565,train,2,0.119,1.0,truck,3,2021
4566,train,0,0.195,2.0,passenger,1,2021
4567,train,2,0.042,0.05,passenger,2,2021
4568,train,2,0.235,0.2,passenger,0,2021
4569,train,2,0.085,0.1,passenger,2,2020
4570,train,2,0.047,2.5,van,1,2021
4571,train,2,0.104,20.0,passenger,4,2020
4572,train,2,0.14,6.0,passenger,1,2020
4574,train,1,0.103,0.05,truck,0,2021
4577,train,2,0.116,0.6,passenger,0,2020
4578,train,0,0.141,0.001,passenger,1,2021
4580,train,2,0.119,3.0,truck,0,2021
4581,train,2,0.04,0.3,passenger,2,2021
4582,train,2,0.092,0.5,passenger,0,2021
4583,train,2,0.063,3.0,passenger,1,2019
4584,train,2,0.13,3.0,passenger,1,2020
4585,train,2,0.138,10.0,van,1,2021
4586,train,2,0.143,4.1,passenger,1,2019
4587,train,2,0.179,4.0,passenger,1,2020
4588,train,2,0.142,3.0,passenger,1,2019
4589,train,0,0.134,4.0,truck,0,2017
4590,train,2,0.306,1.0,passenger,0,2021
4591,train,2,0.08,0.2,truck,2,2021
4592,train,2,0.054,0.005,van,1,2020
4593,train,2,0.039,2.0,passenger,1,2021
4594,train,2,0.18,3.0,passenger,0,2021
4595,train,2,0.195,4.0,passenger,2,2020
4596,train,1,0.153,0.004,passenger,2,2017
4597,train,2,0.134,3.0,passenger,1,2019
4598,train,2,0.192,1.0,passenger,0,2020
4599,train,2,0.041,1.0,passenger,1,2020
4600,train,2,0.062,0.3,passenger,1,2019
4602,train,2,0.114,3.0,motorcycle,3,2019
4603,train,2,0.153,1.0,motorcycle,1,2021
4604,train,2,0.083,0.005,passenger,1,2021
4605,train,0,0.08,0.1,passenger,0,2019
4606,train,3,0.228,3.0,passenger,0,2021
4608,train,2,0.174,0.5,passenger,0,2021
4609,train,2,0.209,1.0,passenger,0,2021
4610,train,2,0.105,0.003,passenger,2,2019
4611,train,2,0.196,0.01,passenger,2,2019
4612,train,3,0.19,2.0,passenger,3,2020
4613,train,0,0.116,0.03,truck,0,2021
4614,train,2,0.145,8.0,passenger,0,2021
4615,train,3,0.153,4.0,passenger,2,2021
4616,train,3,0.149,0.044,passenger,0,2021
4617,train,2,0.214,0.2,passenger,0,2021
4618,train,3,0.112,0.1,passenger,1,2021
4619,train,2,0.199,6.0,passenger,1,2021
4620,train,2,0.128,0.1,passenger,1,2021
4621,train,2,0.124,5.0,passenger,1,2021
4622,train,2,0.094,5.0,passenger,1,2021
4623,train,2,0.117,2.0,passenger,0,2021
4624,train,2,0.197,0.7,passenger,0,2021
4625,train,2,0.075,0.5,passenger,1,2021
4626,train,0,0.186,0.04,passenger,2,2020
4627,train,2,0.167,10.0,passenger,3,2020
4628,train,2,0.144,1.0,passenger,3,2021
4629,train,0,0.103,3.0,truck,1,2021
4630,train,2,0.276,0.005,truck,3,2020
4631,train,2,0.056,0.1,passenger,1,2021
4632,train,2,0.18,40.0,truck,2,2020
4633,train,2,0.097,1.0,passenger,0,2021
4636,train,3,0.099,0.05,passenger,4,2019
4637,train,2,0.209,0.28,truck,1,2020
4638,train,2,0.122,0.1,passenger,2,2021
4639,train,2,0.157,0.1,passenger,1,2021
4640,train,3,0.19,0.8,truck,3,2019
4641,train,2,0.187,17.0,passenger,1,2021
4642,train,2,0.156,8.0,passenger,1,2019
4643,train,2,0.077,0.5,passenger,1,2021
4644,train,2,0.151,2.0,passenger,2,2021
4645,train,2,0.12,4.0,passenger,1,2021
4646,train,0,0.103,10.0,passenger,0,2020
4647,train,2,0.095,15.0,passenger,1,2020
4648,train,2,0.127,0.5,motorcycle,0,2021
4649,train,2,0.072,0.3,passenger,3,2019
4650,train,2,0.086,2.0,passenger,2,2020
4651,train,2,0.104,10.0,passenger,1,2021
4652,train,2,0.155,0.3,passenger,0,2021
4653,train,2,0.105,0.007,passenger,1,2019
4655,train,2,0.236,0.3,motorcycle,0,2020
4656,train,2,0.103,0.5,passenger,1,2021
4657,train,3,0.181,1.0,passenger,1,2020
4659,train,3,0.12,0.3,van,1,2019
4660,train,2,0.078,2.0,passenger,1,2021
4661,train,1,0.122,0.8,passenger,0,2019
4662,train,3,0.129,5.0,passenger,1,2021
4663,train,3,0.208,2.0,passenger,3,2021
4665,train,2,0.039,2.0,passenger,1,2021
4666,train,2,0.205,0.1,passenger,1,2020
4667,train,1,0.05,0.02,passenger,0,2019
4668,train,2,0.097,0.005,passenger,1,2019
4669,train,3,0.244,0.03,motorcycle,1,2020
4670,train,2,0.105,10.0,truck,1,2020
4671,train,3,0.158,0.2,passenger,2,2021
4672,train,1,0.038,1.8,truck,0,2021
4673,train,3,0.049,0.5,passenger,2,2021
4675,train,2,0.248,1.0,passenger,1,2020
4676,train,2,0.15,4.0,passenger,0,2021
4677,train,0,0.055,1.0,passenger,1,2020
4679,train,2,0.08,10.0,passenger,1,2021
4681,train,2,0.208,0.02,passenger,1,2021
4683,train,2,0.093,3.8,passenger,1,2021
4684,train,2,0.283,1.0,passenger,0,2021
4685,train,2,0.034,12.0,passenger,3,2019
4687,train,2,0.095,4.5,truck,2,2019
4688,train,2,0.073,0.05,passenger,1,2021
4689,train,2,0.101,0.191,passenger,1,2020
4690,train,2,0.079,2.0,passenger,1,2021
4693,train,0,0.076,10.0,passenger,2,2020
4694,train,2,0.168,5.0,passenger,0,2021
4695,train,2,0.213,5.0,passenger,1,2020
4696,train,0,0.195,0.6,truck,1,2020
4697,train,2,0.239,0.03,passenger,2,2021
4698,train,2,0.251,0.05,passenger,0,2020
4699,train,2,0.158,17.0,passenger,2,2020
4701,train,0,0.043,0.003,passenger,0,2019
4702,train,2,0.132,1.0,passenger,1,2021
4703,train,2,0.156,0.05,passenger,2,2020
4704,train,3,0.083,0.02,passenger,1,2019
4705,train,2,0.067,4.0,passenger,1,2020
4706,train,3,0.079,0.015,passenger,4,2020
4707,train,0,0.131,3.0,passenger,1,2019
4708,train,2,0.198,0.3,passenger,1,2020
4709,train,2,0.062,1.5,passenger,2,2019
4710,train,0,0.073,2.0,passenger,1,2020
4711,train,2,0.097,0.002,passenger,1,2021
4713,train,2,0.148,6.0,motorcycle,2,2021
4714,train,2,0.185,0.5,passenger,1,2021
4715,train,0,0.203,0.1,passenger,1,2020
4716,train,2,0.058,11.0,truck,1,2021
4717,train,2,0.047,1.0,passenger,2,2021
4718,train,2,0.107,1.0,passenger,2,2021
4720,train,2,0.189,0.8,motorcycle,1,2020
4721,train,1,0.063,7.0,passenger,0,2021
4722,train,0,0.131,7.0,truck,1,2020
4724,train,0,0.192,2.4,passenger,1,2020
4725,train,2,0.158,2.0,passenger,0,2021
4726,train,2,0.075,1.0,passenger,1,2019
4727,train,2,0.108,1.0,passenger,2,2019
4728,train,1,0.264,0.35,passenger,2,2019
4729,train,2,0.195,1.0,passenger,3,2021
4730,train,3,0.211,11.0,passenger,1,2021
4731,train,3,0.1,8.0,passenger,2,2021
4732,train,2,0.104,1.0,passenger,0,2021
4733,train,2,0.179,2.0,van,2,2021
4734,train,2,0.138,2.0,passenger,0,2021
4735,train,2,0.125,1.0,passenger,1,2020
4736,train,2,0.219,1.0,truck,0,2021
4737,train,1,0.108,1.0,truck,0,2020
4738,train,1,0.146,2.0,passenger,0,2021
4739,train,2,0.109,7.0,passenger,4,2020
4740,train,0,0.122,3.0,passenger,1,2019
4741,train,2,0.132,0.5,passenger,1,2020
4742,train,2,0.044,0.2,passenger,1,2019
4743,train,2,0.098,0.005,passenger,1,2021
4745,train,2,0.124,30.0,passenger,2,2021
4746,train,0,0.218,1.0,motorcycle,0,2021
4747,train,2,0.109,0.3,passenger,1,2021
4748,train,3,0.108,0.5,truck,2,2020
4749,train,1,0.178,15.0,passenger,0,2021
4750,train,0,0.042,2.0,passenger,1,2020
4751,train,2,0.079,0.5,truck,2,2020
4753,train,2,0.048,1.5,passenger,1,2021
4754,train,3,0.078,0.03,passenger,2,2020
4755,train,2,0.164,0.1,motorcycle,0,2021
4756,train,3,0.214,2.0,truck,2,2021
4757,train,2,0.132,0.14,passenger,0,2020
4758,train,0,0.155,6.0,passenger,1,2020
4759,train,0,0.15,0.3,passenger,2,2021
4760,train,2,0.115,0.001,passenger,1,2021
4761,train,1,0.123,2.0,passenger,2,2019
4762,train,2,0.046,5.0,truck,3,2021
4763,train,2,0.118,3.0,passenger,1,2021
4764,train,0,0.054,0.023,passenger,0,2019
4765,train,2,0.096,0.5,passenger,2,2020
4766,train,2,0.119,0.5,passenger,1,2020
4767,train,2,0.153,0.08,truck,2,2021
4768,train,1,0.095,0.7,passenger,0,2021
4769,train,2,0.104,0.05,passenger,1,2021
4770,train,2,0.089,0.6,truck,1,2020
4771,train,0,0.117,12.0,passenger,1,2021
4772,train,2,0.068,0.642,passenger,2,2021
4773,train,2,0.077,0.05,passenger,2,2019
4774,train,3,0.199,1.6,van,1,2021
4775,train,2,0.097,0.1,passenger,1,2019
4776,train,0,0.091,0.5,passenger,0,2020
4778,train,0,0.063,1.0,passenger,0,2020
4779,train,2,0.186,0.05,passenger,1,2021
4780,train,2,0.139,2.0,passenger,0,2021
4782,train,2,0.114,0.5,passenger,1,2020
4783,train,2,0.092,0.7,truck,0,2021
4784,train,0,0.156,1.0,passenger,2,2020
4785,train,2,0.16,1.0,passenger,0,2021
4786,train,2,0.241,35.5,passenger,0,2021
4787,train,0,0.081,1.0,passenger,2,2020
4788,train,2,0.116,0.1,passenger,0,2021
4789,train,2,0.177,0.3,passenger,2,2019
4790,train,2,0.215,7.0,passenger,0,2020
4791,train,1,0.131,0.5,motorcycle,0,2021
4792,train,3,0.289,0.15,passenger,1,2020
4793,train,0,0.095,0.2,passenger,0,2020
4794,train,2,0.221,0.05,passenger,1,2019
4795,train,2,0.049,4.0,passenger,1,2020
4796,train,2,0.091,3.0,passenger,2,2021
4797,train,2,0.098,0.7,passenger,2,2021
4798,train,2,0.125,0.5,truck,0,2019
4799,train,2,0.075,0.5,passenger,1,2021
4800,train,2,0.147,1.0,passenger,1,2020
4801,train,0,0.043,15.0,passenger,1,2021
4802,train,0,0.191,9.0,motorcycle,0,2020
4803,train,2,0.15,0.82,passenger,2,2020
4804,train,2,0.131,5.0,passenger,0,2021
4805,train,2,0.129,0.191,passenger,2,2021
4807,train,2,0.192,13.0,passenger,0,2021
4808,train,2,0.082,0.04,passenger,1,2019
4809,train,2,0.235,6.0,truck,0,2021
4810,train,0,0.15,16.0,passenger,1,2020
4811,train,2,0.137,2.0,passenger,1,2020
4812,train,0,0.099,0.5,passenger,0,2019
4813,train,1,0.161,20.0,passenger,0,2019
4814,train,0,0.048,1.0,passenger,1,2020
4815,train,2,0.167,0.08,passenger,2,2021
4816,train,0,0.121,0.01,passenger,0,2007
4817,train,0,0.125,0.05,passenger,0,2021
4819,train,2,0.11,7.0,passenger,1,2020
4820,train,3,0.163,1.0,passenger,1,2020
4821,train,2,0.16,0.3,truck,1,2019
4822,train,2,0.088,4.0,passenger,2,2020
4823,train,1,0.158,5.0,passenger,1,2019
4824,train,2,0.098,3.0,passenger,1,2021
4825,train,2,0.17,1.5,truck,0,2021
4826,train,2,0.116,20.0,passenger,1,2021
4827,train,0,0.045,4.0,passenger,2,2021
4828,train,2,0.119,4.0,passenger,1,2020
4829,train,2,0.203,4.0,passenger,1,2020
4830,train,1,0.141,1.0,passenger,0,2021
4831,train,2,0.116,1.0,passenger,0,2021
4832,train,0,0.116,2.0,truck,0,2021
4833,train,2,0.153,20.0,passenger,1,2020
4834,train,2,0.056,2.0,passenger,1,2021
4835,train,2,0.04,0.5,passenger,1,2020
4836,train,2,0.252,0.66,passenger,1,2020
4837,train,2,0.205,1.5,passenger,2,2020
4838,train,2,0.113,17.0,passenger,2,2021
4839,train,2,0.167,0.28,passenger,1,2020
4840,train,2,0.181,1.0,truck,1,2021
4841,train,2,0.07,0.6,passenger,1,2021
4842,train,2,0.12,2.0,passenger,2,2020
4843,train,3,0.262,0.6,passenger,3,2020
4846,train,2,0.144,5.0,passenger,0,2021
4847,train,2,0.177,0.1,passenger,1,2019
4849,train,3,0.149,2.0,passenger,2,2019
4850,train,2,0.063,0.1,passenger,1,2020
4851,train,2,0.238,0.002,truck,1,2021
4852,train,3,0.061,0.003,passenger,2,2021
4853,train,2,0.093,0.2,passenger,1,2020
4854,train,2,0.067,1.2,passenger,1,2021
4855,train,2,0.084,2.0,passenger,2,2020
4858,train,2,0.089,0.7,truck,1,2020
4859,train,2,0.176,1.0,passenger,1,2021
4860,train,2,0.179,0.3,passenger,2,2020
4861,train,1,0.047,0.7,passenger,0,2021
4862,train,0,0.145,0.1,truck,2,2021
4863,train,2,0.052,4.4,passenger,2,2020
4864,train,2,0.213,9.2,passenger,0,2020
4865,train,2,0.179,0.459,passenger,1,2021
4866,train,1,0.097,0.005,passenger,0,2021
4868,train,0,0.093,0.03,passenger,1,2021
4869,train,2,0.101,0.1,passenger,1,2021
4870,train,2,0.126,10.0,passenger,1,2020
4871,train,2,0.346,0.9,motorcycle,1,2021
4872,train,2,0.085,5.0,passenger,1,2021
4873,train,2,0.137,1.5,truck,0,2021
4874,train,1,0.117,0.005,van,2,2019
4875,train,3,0.153,0.7,truck,2,2020
4876,train,2,0.059,0.3,passenger,1,2020
4877,train,2,0.062,0.67,passenger,3,2021
4879,train,3,0.12,4.0,truck,0,2019
4880,train,2,0.144,0.15,van,0,2021
4881,train,0,0.053,0.5,truck,0,2021
4882,train,2,0.115,1.0,passenger,1,2019
4883,train,2,0.078,0.01,passenger,1,2020
4884,train,3,0.056,6.2,passenger,2,2021
4885,train,2,0.136,4.0,passenger,2,2021
4886,train,2,0.141,1.6,truck,1,2021
4887,train,0,0.068,0.1,motorcycle,2,2020
4888,train,0,0.128,0.03,passenger,0,2021
4890,train,0,0.144,7.0,passenger,1,2020
4891,train,2,0.128,0.2,passenger,1,2020
4892,train,2,0.138,1.0,truck,1,2019
4893,train,2,0.152,30.0,passenger,1,2020
4894,train,0,0.03,10.0,truck,1,2021
4895,train,2,0.096,0.3,passenger,1,2020
4897,train,2,0.201,0.5,passenger,0,2021
4898,train,2,0.182,9.0,passenger,0,2021
4899,train,2,0.17,0.03,truck,1,2021
4900,train,1,0.137,4.0,passenger,0,2020
4901,train,2,0.064,3.0,passenger,1,2021
4902,train,0,0.098,0.8,passenger,1,2021
4903,train,2,0.152,0.65,truck,3,2020
4904,train,2,0.041,3.0,passenger,1,2020
4905,train,0,0.23,0.005,truck,0,2020
4906,train,2,0.274,0.022,truck,1,2021
4907,train,3,0.218,3.0,passenger,1,2021
4908,train,2,0.089,0.001,passenger,2,2020
4909,train,1,0.122,0.2,passenger,0,2021
4910,train,2,0.212,3.6,passenger,1,2021
4911,train,2,0.121,3.0,passenger,0,2021
4912,train,3,0.148,2.0,passenger,2,2020
4913,train,1,0.06,2.0,truck,0,2021
4914,train,3,0.112,0.6,passenger,0,2021
4915,train,2,0.16,0.15,passenger,3,2020
4916,train,2,0.248,2.0,passenger,1,2019
4917,train,2,0.126,0.9,passenger,1,2020
4918,train,3,0.142,0.04,passenger,4,2021
4919,train,2,0.14,7.0,passenger,1,2020
4920,train,2,0.193,3.0,van,1,2020
4921,train,2,0.043,3.0,truck,1,2021
4923,train,3,0.074,3.0,passenger,3,2019
4924,train,2,0.144,1.0,passenger,2,2021
4925,train,2,0.089,1.0,van,1,2020
4926,train,2,0.16,2.0,passenger,1,2021
4927,train,2,0.124,0.8,motorcycle,1,2021
4928,train,2,0.114,3.0,passenger,2,2019
4929,train,2,0.211,1.0,passenger,0,2020
4930,train,2,0.142,0.1,passenger,2,2021
4931,train,0,0.09,0.001,passenger,0,2021
4932,train,2,0.113,0.2,passenger,2,2021
4933,train,1,0.157,2.0,passenger,0,2021
4934,train,2,0.097,60.0,van,1,2019
4935,train,1,0.124,1.0,passenger,0,2021
4936,train,2,0.149,2.5,passenger,1,2021
4937,train,2,0.141,0.08,passenger,0,2021
4938,train,2,0.037,0.6,truck,1,2020
4939,train,2,0.144,5.0,passenger,1,2020
4940,train,2,0.107,5.0,passenger,1,2020
4941,train,2,0.104,0.7,passenger,3,2020
4942,train,2,0.159,3.6,passenger,1,2021
4943,train,2,0.156,0.2,passenger,0,2021
4944,train,2,0.2,1.0,passenger,0,2021
4945,train,0,0.14,17.0,passenger,0,2021
4946,train,3,0.12,28.0,passenger,3,2019
4947,train,0,0.156,3.0,passenger,1,2020
4948,train,2,0.147,8.0,truck,1,2020
4949,train,2,0.126,2.0,passenger,1,2021
4950,train,2,0.049,0.2,passenger,2,2019
4951,train,3,0.144,1.4,passenger,2,2021
4952,train,2,0.114,0.3,passenger,0,2021
4953,train,3,0.136,0.5,passenger,2,2020
4954,train,2,0.042,0.3,passenger,1,2021
4955,train,0,0.067,0.5,passenger,1,2020
4956,train,0,0.138,0.3,passenger,0,2020
4957,train,0,0.166,0.3,passenger,1,2020
4959,train,2,0.114,0.01,passenger,1,2021
4961,train,2,0.052,0.5,passenger,2,2019
4962,train,2,0.108,0.1,passenger,0,2021
4963,train,2,0.118,7.0,passenger,0,2021
4964,train,2,0.127,2.0,passenger,1,2019
4965,train,2,0.244,0.3,passenger,0,2021
4966,train,2,0.052,0.5,passenger,2,2019
4967,train,0,0.171,4.0,passenger,0,2018
4968,train,2,0.169,2.5,passenger,1,2020
4970,train,0,0.124,13.0,passenger,1,2021
4971,train,2,0.066,0.03,passenger,1,2021
4972,train,2,0.127,2.0,passenger,3,2020
4973,train,0,0.162,5.0,passenger,2,2021
4974,train,2,0.09,0.025,passenger,1,2020
4975,train,2,0.088,0.5,passenger,1,2020
4976,train,2,0.07,0.05,passenger,2,2021
4977,train,0,0.073,1.0,passenger,1,2020
4978,train,0,0.078,1.0,truck,1,2020
4979,train,1,0.171,2.0,truck,0,2021
4980,train,2,0.139,2.0,passenger,2,2019
4981,train,0,0.206,1.0,passenger,1,2020
4982,train,2,0.199,2.0,passenger,2,2020
4983,train,2,0.107,1.0,passenger,3,2020
4984,train,2,0.213,2.0,passenger,2,2020
4985,train,2,0.142,20.0,passenger,1,2021
4986,train,2,0.098,15.0,passenger,0,2020
4988,train,2,0.097,4.0,passenger,3,2020
4989,train,2,0.123,0.05,van,1,2021
4990,train,0,0.152,0.05,passenger,1,2020
4991,train,2,0.133,20.0,passenger,1,2021
4992,train,2,0.052,3.0,passenger,2,2021
4993,train,0,0.139,0.33,passenger,1,2020
4994,train,2,0.095,0.7,passenger,2,2021
4995,train,2,0.055,1.0,passenger,1,2021
4997,train,3,0.169,5.0,passenger,2,2020
4998,train,2,0.235,0.7,passenger,1,2019
4999,train,1,0.123,35.0,passenger,0,2021
5000,train,2,0.032,15.0,passenger,2,2021
5001,train,2,0.068,0.15,passenger,1,2020
5002,train,2,0.147,4.0,truck,1,2021
5003,train,2,0.105,0.2,passenger,1,2020
5004,train,2,0.059,32.0,passenger,4,2021
5005,train,2,0.12,0.1,passenger,1,2021
5007,train,2,0.031,20.0,passenger,1,2019
5010,train,2,0.064,0.5,passenger,0,2021
5011,train,2,0.216,0.1,motorcycle,0,2021
5012,train,3,0.164,0.15,passenger,3,2021
5013,train,3,0.262,0.5,passenger,1,2019
5014,train,1,0.106,30.0,passenger,0,2020
5015,train,3,0.064,0.7,passenger,2,2020
5016,train,0,0.223,15.0,truck,0,2021
5017,train,2,0.105,0.2,passenger,1,2020
5018,train,1,0.083,2.0,passenger,0,2021
5020,train,2,0.082,2.0,passenger,1,2021
5021,train,2,0.15,4.0,truck,0,2021
5022,train,0,0.129,20.0,passenger,1,2020
5023,train,0,0.245,3.0,passenger,0,2013
5024,train,2,0.138,0.3,passenger,1,2020
5025,train,2,0.158,4.0,passenger,1,2021
5026,train,2,0.188,1.0,passenger,1,2021
5027,train,2,0.149,18.0,truck,0,2021
5029,train,1,0.121,0.1,passenger,0,2021
5030,train,2,0.126,3.0,passenger,1,2020
5031,train,2,0.068,0.3,passenger,1,2020
5032,train,2,0.221,0.8,passenger,3,2021
5033,train,2,0.14,0.5,passenger,2,2019
5034,train,2,0.178,3.6,passenger,0,2021
5035,train,2,0.132,13.0,truck,0,2021
5036,train,3,0.236,0.02,passenger,0,2021
5037,train,2,0.247,5.0,passenger,2,2020
5038,train,2,0.148,0.3,truck,2,2019
5039,train,0,0.144,20.0,passenger,0,2021
5040,train,2,0.102,1.5,passenger,3,2020
5041,train,2,0.209,0.001,van,2,2019
5042,train,2,0.051,1.0,passenger,1,2020
5043,train,3,0.113,3.0,passenger,0,2021
5044,train,2,0.162,0.4,passenger,0,2021
5045,train,3,0.141,4.0,passenger,1,2021
5046,train,0,0.124,0.01,passenger,1,2021
5047,train,2,0.078,0.2,passenger,1,2021
5048,train,0,0.083,25.0,passenger,0,2021
5049,train,2,0.085,2.0,passenger,1,2020
5050,train,1,0.065,0.2,truck,0,2021
5051,train,2,0.087,0.5,passenger,1,2020
5052,train,2,0.141,1.0,passenger,1,2021
5053,train,2,0.305,2.5,passenger,0,2021
5054,train,0,0.134,0.05,passenger,0,2020
5055,train,2,0.231,1.5,passenger,1,2021
5056,train,2,0.073,4.0,passenger,3,2020
5057,train,2,0.208,8.0,motorcycle,1,2021
5058,train,1,0.09,2.8,passenger,0,2021
5059,train,2,0.1,0.1,passenger,1,2020
5060,train,2,0.13,30.0,passenger,1,2019
5061,train,2,0.113,4.8,passenger,2,2020
5062,train,2,0.072,0.5,passenger,1,2019
5064,train,2,0.085,3.0,passenger,2,2020
5065,train,0,0.074,0.1,passenger,0,2020
5066,train,2,0.061,28.0,passenger,2,2021
5067,train,2,0.226,4.4,passenger,1,2021
5068,train,2,0.102,0.01,van,2,2020
5069,train,2,0.05,1.2,passenger,1,2020
5070,train,2,0.123,0.5,truck,2,2019
5071,train,0,0.187,0.5,passenger,0,2020
5072,train,2,0.081,0.015,passenger,1,2021
5073,train,1,0.102,0.01,van,0,2021
5074,train,2,0.134,2.8,passenger,0,2021
5075,train,0,0.197,0.2,passenger,1,2020
5076,train,2,0.156,0.005,passenger,0,2021
5077,train,2,0.146,0.2,passenger,1,2020
5078,train,2,0.129,23.0,passenger,1,2021
5079,train,3,0.162,0.2,passenger,0,2021
5080,train,2,0.184,0.05,passenger,1,2020
5081,train,2,0.047,0.05,passenger,2,2019
5082,train,2,0.067,50.0,truck,1,2021
5083,train,3,0.14,0.05,passenger,3,2019
5087,train,0,0.073,0.2,truck,1,2020
5088,train,2,0.147,0.5,passenger,2,2020
5089,train,2,0.083,0.1,passenger,1,2019
5090,train,2,0.05,5.0,passenger,3,2020
5092,train,2,0.225,2.0,passenger,1,2021
5093,train,2,0.08,0.2,passenger,1,2020
5094,train,0,0.13,0.01,passenger,1,2019
5095,train,0,0.13,5.0,passenger,0,2021
5096,train,1,0.076,1.3,passenger,0,2021
5097,train,0,0.21,0.002,passenger,1,2020
5098,train,2,0.183,4.0,van,1,2019
5099,train,2,0.075,0.3,passenger,1,2020
5100,train,2,0.184,0.5,passenger,1,2021
5101,train,2,0.222,8.0,truck,1,2021
5102,train,2,0.037,0.1,passenger,2,2020
5103,train,2,0.234,0.5,passenger,0,2021
5104,train,2,0.14,5.0,passenger,1,2021
5106,train,2,0.125,0.3,passenger,1,2021
5107,train,2,0.172,0.01,passenger,2,2021
5109,train,3,0.121,2.0,passenger,2,2020
5110,train,2,0.215,0.1,passenger,2,2020
5111,train,1,0.04,3.5,motorcycle,0,2021
5112,train,2,0.192,3.0,passenger,1,2021
5113,train,2,0.236,1.0,passenger,1,2020
5114,train,0,0.12,13.0,passenger,0,2020
5117,train,2,0.08,2.0,passenger,1,2021
5118,train,3,0.213,0.2,passenger,1,2019
5119,train,2,0.128,1.0,passenger,1,2020
5120,train,2,0.128,12.0,passenger,1,2020
5121,train,2,0.26,0.01,van,1,2021
5123,train,2,0.03,19.0,passenger,1,2020
5124,train,3,0.08,0.7,passenger,3,2021
5125,train,0,0.04,0.2,passenger,1,2020
5126,train,2,0.139,35.0,passenger,2,2021
5127,train,1,0.192,0.05,passenger,2,2019
5129,train,2,0.037,2.4,passenger,2,2019
5130,train,2,0.103,6.0,passenger,1,2020
5131,train,3,0.125,0.2,passenger,0,2019
5133,train,2,0.149,3.0,passenger,4,2020
5134,train,2,0.195,2.5,passenger,1,2020
5135,train,2,0.141,0.6,passenger,1,2021
5136,train,2,0.101,7.0,passenger,0,2021
5138,train,2,0.118,0.01,passenger,2,2020
5139,train,3,0.093,5.0,passenger,2,2021
5140,train,0,0.132,1.7,passenger,1,2019
5141,train,2,0.103,0.3,passenger,1,2019
5142,train,3,0.12,0.1,passenger,2,2021
5143,train,2,0.112,19.0,passenger,1,2019
5144,train,1,0.068,0.01,passenger,0,2021
5145,train,2,0.081,4.0,passenger,2,2021
5146,train,1,0.03,0.3,passenger,0,2021
5147,train,2,0.052,2.3,motorcycle,1,2021
5148,train,2,0.075,1.4,passenger,1,2020
5149,train,2,0.131,1.1,passenger,0,2021
5150,train,2,0.207,15.0,passenger,1,2020
5151,train,3,0.204,0.7,passenger,0,2021
5152,train,3,0.149,1.0,van,1,2021
5153,train,2,0.111,0.3,passenger,1,2020
5154,train,2,0.146,0.3,passenger,1,2019
5155,train,2,0.117,2.2,passenger,1,2019
5156,train,2,0.216,0.3,passenger,1,2021
5157,train,2,0.046,0.3,passenger,1,2021
5158,train,0,0.076,0.2,passenger,0,2020
5159,train,2,0.147,0.3,passenger,1,2020
5160,train,2,0.187,1.0,truck,0,2021
5161,train,2,0.2,2.4,passenger,2,2020
5162,train,2,0.156,2.0,passenger,1,2021
5163,train,2,0.161,0.2,passenger,1,2020
5164,train,2,0.054,0.2,passenger,1,2019
5165,train,2,0.22,9.0,passenger,0,2021
5166,train,2,0.067,0.2,passenger,1,2021
5167,train,0,0.239,0.5,passenger,0,2020
5168,train,0,0.043,0.4,passenger,1,2020
5169,train,2,0.1,1.4,passenger,1,2020
5170,train,2,0.066,0.77,passenger,1,2020
5171,train,2,0.164,0.01,passenger,1,2019
5172,train,2,0.114,0.01,passenger,1,2021
5173,train,2,0.105,87.0,passenger,0,2021
5174,train,2,0.197,20.0,passenger,1,2021
5176,train,2,0.23,8.0,passenger,0,2021
5177,train,0,0.116,1.5,passenger,0,2020
5179,train,1,0.036,13.0,passenger,0,2021
5180,train,0,0.073,3.0,passenger,0,2021
5181,train,2,0.139,0.5,passenger,1,2019
5182,train,0,0.204,30.0,passenger,0,2021
5183,train,0,0.113,1.0,motorcycle,0,2020
5184,train,3,0.082,2.0,passenger,2,2021
5185,train,0,0.056,0.001,passenger,0,2021
5186,train,2,0.137,0.05,truck,2,2020
5187,train,0,0.184,4.0,passenger,0,2020
5188,train,1,0.152,1.0,motorcycle,0,2019
5189,train,2,0.11,0.002,van,1,2021
5190,train,2,0.215,0.02,passenger,0,2020
5191,train,0,0.093,5.0,passenger,1,2020
5193,train,2,0.25,0.02,passenger,1,2021
5194,train,0,0.141,0.5,passenger,1,2020
5195,train,2,0.253,20.0,passenger,0,2021
5196,train,2,0.196,5.0,passenger,0,2021
5197,train,2,0.189,2.0,passenger,0,2021
5198,train,2,0.097,87.0,passenger,2,2021
5199,train,0,0.092,3.0,passenger,1,2019
5200,train,2,0.137,0.5,passenger,1,2021
5201,train,2,0.135,0.3,passenger,3,2020
5202,train,2,0.2,16.0,passenger,2,2020
5203,train,1,0.268,0.16,passenger,0,2019
5204,train,3,0.183,3.0,passenger,1,2021
5205,train,2,0.184,0.1,passenger,1,2020
5206,train,2,0.169,15.0,passenger,2,2020
5207,train,0,0.048,0.3,passenger,0,2020
5209,train,2,0.142,1.0,passenger,2,2020
5210,train,2,0.138,3.0,passenger,2,2021
5211,train,2,0.153,0.2,van,1,2020
5212,train,0,0.076,5.4,passenger,0,2020
5213,train,2,0.093,4.0,passenger,1,2021
5214,train,2,0.148,11.0,passenger,0,2021
5215,train,2,0.129,3.0,truck,0,2021
5216,train,3,0.223,0.577,truck,2,2020
5218,train,3,0.184,5.5,passenger,1,2021
5220,train,2,0.075,0.03,passenger,1,2020
5221,train,0,0.034,0.35,passenger,0,2021
5222,train,1,0.199,0.5,passenger,0,2021
5223,train,2,0.112,0.02,passenger,1,2020
5224,train,2,0.047,3.0,passenger,1,2021
5225,train,2,0.23,0.5,passenger,3,2019
5226,train,3,0.116,0.7,truck,2,2021
5227,train,2,0.16,13.0,passenger,0,2021
5228,train,3,0.211,3.0,passenger,2,2019
5229,train,2,0.119,0.7,passenger,1,2021
5230,train,2,0.085,5.0,truck,2,2020
5231,train,1,0.066,7.0,passenger,0,2021
5232,train,2,0.166,0.1,passenger,1,2020
5233,train,2,0.172,5.0,passenger,1,2021
5234,train,2,0.033,0.05,passenger,2,2020
5235,train,2,0.181,0.1,passenger,1,2020
5236,train,2,0.278,0.1,passenger,1,2021
5238,train,2,0.099,2.0,passenger,1,2019
5239,train,2,0.163,3.0,passenger,2,2021
5240,train,2,0.096,2.0,passenger,1,2020
5241,train,2,0.128,2.0,truck,1,2019
5242,train,2,0.195,15.0,passenger,1,2019
5243,train,3,0.229,6.0,passenger,0,2021
5245,train,1,0.094,0.5,passenger,0,2019
5246,train,0,0.179,10.0,passenger,0,2021
5247,train,0,0.056,30.0,truck,1,2021
5250,train,3,0.227,0.03,passenger,1,2021
5252,train,2,0.088,0.1,passenger,0,2021
5254,train,2,0.112,13.0,truck,1,2019
5255,train,2,0.128,0.05,passenger,1,2020
5256,train,2,0.096,0.1,truck,1,2021
5257,train,2,0.032,0.5,passenger,1,2019
5258,train,2,0.211,1.0,passenger,0,2021
5259,train,2,0.143,2.0,truck,2,2021
5260,train,2,0.195,0.2,passenger,4,2020
5261,train,2,0.107,2.0,passenger,2,2021
5262,train,2,0.067,1.5,passenger,1,2021
5263,train,1,0.085,5.0,passenger,0,2021
5264,train,1,0.159,0.1,passenger,0,2021
5265,train,2,0.107,5.0,passenger,1,2020
5266,train,2,0.111,0.6,passenger,1,2021
5268,train,2,0.116,8.0,passenger,0,2021
5269,train,0,0.198,10.0,passenger,1,2020
5270,train,3,0.202,0.1,passenger,0,2021
5271,train,3,0.155,2.0,passenger,1,2021
5272,train,2,0.125,0.2,passenger,0,2020
5273,train,1,0.287,0.1,truck,0,2017
5274,train,0,0.203,4.0,passenger,1,2020
5275,train,1,0.102,1.0,passenger,1,2021
5276,train,2,0.163,0.1,passenger,1,2021
5277,train,2,0.136,3.0,passenger,1,2021
5278,train,2,0.145,10.0,truck,4,2021
5279,train,2,0.253,4.3,passenger,0,2021
5280,train,3,0.143,7.0,passenger,2,2020
5281,train,0,0.069,0.5,passenger,1,2020
5282,train,2,0.179,1.0,passenger,2,2020
5283,train,1,0.131,2.0,passenger,0,2021
5284,train,2,0.108,0.2,passenger,1,2021
5285,train,2,0.153,1.0,passenger,1,2020
5286,train,2,0.194,1.0,passenger,2,2021
5287,train,2,0.207,0.15,passenger,1,2021
5288,train,0,0.197,0.5,passenger,1,2020
5289,train,2,0.074,1.0,passenger,1,2021
5290,train,2,0.102,0.1,passenger,2,2019
5291,train,2,0.168,9.0,passenger,1,2021
5294,train,2,0.087,0.02,van,1,2019
5295,train,3,0.182,6.0,truck,1,2021
5297,train,2,0.199,4.0,truck,4,2020
5298,train,2,0.225,5.0,truck,1,2020
5299,train,3,0.14,0.1,passenger,1,2021
5300,train,2,0.082,0.015,passenger,1,2021
5301,train,2,0.126,0.1,passenger,2,2020
5302,train,2,0.12,2.0,passenger,1,2021
5303,train,2,0.184,0.5,passenger,2,2020
5304,train,2,0.157,0.015,passenger,0,2022
5306,train,2,0.216,0.2,passenger,0,2020
5307,train,1,0.151,0.2,truck,0,2021
5308,train,2,0.13,0.5,truck,1,2021
5309,train,0,0.106,0.0015,passenger,0,2019
5311,train,2,0.191,0.2,truck,3,2019
5313,train,0,0.081,0.005,passenger,2,2020
5314,train,2,0.174,14.0,passenger,0,2021
5315,train,2,0.172,0.5,truck,1,2020
5316,train,2,0.111,0.14,passenger,0,2021
5317,train,2,0.352,2.0,truck,0,2020
5320,train,0,0.139,13.0,passenger,1,2020
5321,train,2,0.191,0.015,van,0,2021
5322,train,2,0.064,10.0,passenger,2,2019
5323,train,0,0.037,10.0,passenger,1,2019
5324,train,2,0.229,4.0,truck,2,2020
5325,train,3,0.206,11.6,passenger,2,2021
5326,train,2,0.203,3.0,truck,0,2021
5327,train,2,0.081,10.0,truck,1,2020
5328,train,2,0.098,0.7,passenger,0,2020
5329,train,2,0.194,14.0,passenger,0,2021
5330,train,2,0.086,5.5,truck,1,2019
5331,train,2,0.258,0.5,passenger,0,2021
5332,train,2,0.103,2.0,passenger,1,2020
5333,train,2,0.102,2.0,passenger,2,2019
5335,train,0,0.046,0.75,passenger,2,2021
5336,train,3,0.115,4.5,passenger,1,2021
5337,train,2,0.094,0.5,passenger,1,2021
5338,train,0,0.216,0.01,passenger,0,2021
5339,train,2,0.078,0.8,truck,0,2021
5340,train,3,0.14,13.0,passenger,1,2020
5341,train,2,0.103,1.0,truck,0,2021
5342,train,2,0.135,2.0,van,0,2020
5343,train,2,0.149,12.0,passenger,2,2021
5344,train,2,0.175,0.3,truck,1,2020
5345,train,2,0.186,1.0,truck,1,2021
5346,train,2,0.207,2.0,passenger,0,2020
5347,train,2,0.159,0.5,passenger,1,2020
5348,train,2,0.058,5.0,passenger,1,2020
5349,train,2,0.073,0.05,passenger,1,2021
5350,train,2,0.172,2.1,passenger,1,2020
5351,train,2,0.168,2.5,truck,4,2020
5352,train,0,0.067,18.0,passenger,1,2019
5353,train,0,0.113,0.001,passenger,2,2020
5354,train,3,0.226,4.0,passenger,0,2019
5355,train,2,0.198,6.0,passenger,1,2021
5356,train,2,0.182,5.0,passenger,2,2019
5357,train,2,0.199,2.0,passenger,2,2021
5358,train,2,0.102,0.05,passenger,0,2021
5359,train,2,0.158,0.3,passenger,1,2020
5360,train,0,0.103,0.001,passenger,0,2019
5361,train,2,0.172,3.0,passenger,4,2020
5363,train,2,0.149,0.01,passenger,2,2021
5364,train,1,0.126,0.5,van,0,2020
5366,train,0,0.056,0.6,passenger,0,2021
5367,train,3,0.203,4.0,truck,1,2020
5368,train,1,0.182,5.0,passenger,0,2021
5370,train,0,0.123,0.2,motorcycle,0,2021
5371,train,2,0.115,2.0,passenger,1,2019
5373,train,2,0.114,2.0,passenger,1,2020
5374,train,2,0.168,1.0,passenger,2,2021
5375,train,2,0.137,1.1,passenger,2,2021
5376,train,3,0.098,4.0,passenger,1,2021
5377,train,2,0.159,20.0,passenger,0,2021
5379,train,2,0.142,2.5,passenger,2,2021
5380,train,1,0.135,4.0,passenger,0,2019
5381,train,2,0.111,2.0,truck,3,2021
5383,train,2,0.172,0.001,motorcycle,0,2021
5384,train,0,0.116,2.0,passenger,0,2020
5385,train,3,0.206,1.0,passenger,0,2021
5387,train,3,0.118,2.0,passenger,1,2021
5388,train,2,0.122,0.6,truck,2,2021
5389,train,2,0.086,7.0,passenger,1,2020
5390,train,2,0.122,0.4,motorcycle,3,2021
5391,train,2,0.127,6.0,passenger,1,2020
5392,train,2,0.159,0.03,passenger,1,2020
5393,train,3,0.185,0.5,truck,3,2019
5395,train,2,0.169,3.0,passenger,0,2021
5396,train,2,0.206,2.0,passenger,1,2021
5398,train,2,0.115,10.0,passenger,2,2021
5399,train,3,0.101,20.0,passenger,2,2019
5400,train,2,0.125,0.35,passenger,2,2020
5401,train,2,0.066,0.85,passenger,1,2021
5402,train,2,0.08,0.3,truck,0,2021
5403,train,2,0.05,0.7,passenger,1,2021
5404,train,0,0.037,13.0,passenger,1,2020
5405,train,2,0.232,0.03,passenger,1,2020
5406,train,2,0.228,0.8,passenger,1,2019
5407,train,2,0.166,2.5,passenger,1,2020
5408,train,2,0.048,0.12,passenger,1,2019
5409,train,2,0.189,2.5,passenger,0,2021
5410,train,1,0.078,90.0,truck,0,2021
5411,train,2,0.154,5.0,passenger,1,2020
5412,train,2,0.137,10.0,passenger,2,2019
5413,train,2,0.058,8.0,passenger,2,2021
5414,train,0,0.128,0.005,truck,1,2020
5416,train,2,0.157,0.5,passenger,2,2020
5417,train,2,0.085,23.0,passenger,1,2020
5418,train,2,0.093,1.0,passenger,4,2021
5420,train,1,0.035,0.5,truck,0,2019
5421,train,2,0.18,0.15,passenger,1,2021
5422,train,2,0.077,1.0,passenger,1,2020
5423,train,2,0.224,0.12,passenger,0,2022
5424,train,2,0.096,0.6,passenger,1,2021
5425,train,2,0.121,1.5,passenger,1,2020
5426,train,2,0.154,3.0,truck,2,2019
5427,train,3,0.187,10.0,truck,2,2019
5428,train,2,0.097,0.001,passenger,1,2019
5429,train,2,0.045,20.0,truck,1,2019
5430,train,2,0.155,0.01,passenger,1,2020
5431,train,2,0.108,10.0,passenger,1,2019
5432,train,2,0.116,70.0,passenger,1,2021
5433,train,1,0.125,0.92,truck,2,2015
5434,train,2,0.167,20.0,passenger,1,2021
5435,train,2,0.056,1.0,van,1,2019
5436,train,1,0.114,2.0,passenger,0,2021
5437,train,2,0.131,0.3,van,1,2020
5438,train,2,0.14,0.03,passenger,2,2021
5439,train,3,0.1,0.1,passenger,2,2019
5440,train,2,0.076,10.0,passenger,1,2019
5441,train,2,0.119,3.0,passenger,1,2019
5444,train,2,0.056,1.5,truck,1,2021
5445,train,2,0.181,2.0,passenger,2,2020
5446,train,2,0.261,0.1,van,0,2019
5447,train,2,0.057,3.0,passenger,2,2021
5448,train,2,0.112,2.0,passenger,2,2020
5449,train,2,0.137,5.0,passenger,0,2021
5450,train,3,0.227,3.0,passenger,2,2020
5453,train,2,0.15,0.1,passenger,1,2021
5454,train,0,0.043,0.5,passenger,1,2021
5455,train,0,0.119,4.0,passenger,1,2021
5456,train,3,0.197,50.0,truck,0,2022
5457,train,2,0.221,4.0,passenger,1,2020
5459,train,0,0.047,1.0,passenger,1,2019
5460,train,2,0.182,0.002,truck,1,2021
5461,train,1,0.092,12.0,passenger,0,2021
5462,train,2,0.049,1.5,passenger,1,2019
5463,train,3,0.238,3.0,passenger,4,2021
5464,train,2,0.155,1.0,passenger,0,2021
5465,train,2,0.043,8.0,passenger,1,2020
5466,train,2,0.106,0.1,passenger,4,2021
5467,train,2,0.238,0.002,passenger,0,2021
5468,train,3,0.074,0.8,passenger,1,2021
5470,train,2,0.186,2.0,truck,1,2021
5471,train,0,0.042,3.0,van,0,2019
5473,train,3,0.192,0.05,passenger,1,2021
5474,train,1,0.108,31.0,passenger,0,2021
5475,train,1,0.03,0.1,truck,2,2021
5476,train,2,0.188,0.6,passenger,2,2021
5477,train,1,0.079,0.5,passenger,0,2021
5478,train,2,0.211,0.5,passenger,0,2021
5479,train,1,0.132,0.2,passenger,0,2021
5480,train,1,0.082,2.0,motorcycle,0,2020
5481,train,0,0.119,0.3,passenger,1,2019
5482,train,2,0.195,3.0,passenger,1,2021
5483,train,2,0.244,0.2,passenger,0,2021
5484,train,2,0.134,0.5,passenger,2,2019
5485,train,2,0.102,0.5,passenger,1,2021
5486,train,2,0.142,0.002,truck,1,2021
5487,train,2,0.128,68.0,passenger,2,2021
5488,train,0,0.157,0.5,passenger,1,2020
5489,train,0,0.102,0.5,motorcycle,2,2020
5490,train,2,0.089,1.5,passenger,0,2021
5491,train,0,0.069,1.5,passenger,1,2021
5492,train,0,0.147,11.0,passenger,0,2020
5493,train,2,0.19,1.0,passenger,1,2020
5495,train,2,0.141,0.1,passenger,0,2021
5496,train,1,0.064,5.0,van,0,2021
5497,train,2,0.098,2.0,passenger,0,2021
5498,train,2,0.106,3.3,passenger,0,2021
5499,train,0,0.12,0.4,passenger,1,2019
5501,train,2,0.142,2.7,passenger,1,2021
5502,train,2,0.079,0.5,passenger,1,2020
5503,train,1,0.151,15.0,passenger,0,2021
5504,train,2,0.147,0.6,passenger,1,2021
5506,train,2,0.082,0.1,van,2,2020
5507,train,2,0.2,0.005,passenger,1,2021
5508,train,2,0.108,7.0,passenger,0,2021
5509,train,2,0.099,4.0,passenger,1,2020
5510,train,2,0.156,0.5,passenger,1,2021
5511,train,0,0.27,0.005,passenger,1,2020
5512,train,2,0.19,0.05,passenger,1,2019
5513,train,1,0.099,1.0,passenger,0,2021
5514,train,2,0.081,0.5,passenger,2,2021
5515,train,2,0.11,1.0,passenger,1,2020
5516,train,2,0.245,0.004,passenger,2,2020
5518,train,2,0.187,1.0,passenger,0,2021
5519,train,2,0.041,0.01,truck,0,2021
5520,train,2,0.232,1.0,passenger,0,2020
5522,train,2,0.114,0.5,passenger,1,2019
5523,train,2,0.132,0.05,truck,1,2021
5525,train,0,0.099,5.0,motorcycle,1,2020
5526,train,2,0.186,0.1,passenger,2,2019
5527,train,2,0.14,0.002,truck,0,2021
5528,train,2,0.169,2.0,motorcycle,1,2020
5529,train,2,0.196,50.0,truck,1,2020
5530,train,2,0.107,1.5,passenger,1,2020
5531,train,3,0.165,3.0,truck,4,2020
5532,train,2,0.194,0.3,passenger,1,2021
5533,train,2,0.178,0.4,passenger,1,2020
5535,train,2,0.099,1.0,passenger,1,2020
5536,train,2,0.082,0.2,passenger,2,2020
5537,train,2,0.146,0.03,passenger,1,2020
5538,train,2,0.104,5.0,motorcycle,1,2020
5540,train,3,0.13,81.0,passenger,3,2020
5541,train,1,0.047,2.0,truck,0,2021
5542,train,2,0.095,4.0,passenger,1,2021
5544,train,2,0.107,4.3,truck,3,2021
5545,train,3,0.156,0.7,passenger,1,2020
5546,train,2,0.126,2.0,passenger,2,2020
5547,train,2,0.208,1.8,passenger,1,2021
5548,train,2,0.064,0.3,passenger,1,2019
5549,train,3,0.213,1.0,passenger,1,2021
5550,train,2,0.196,0.15,motorcycle,2,2021
5551,train,2,0.143,0.2,passenger,2,2020
5552,train,2,0.111,1.0,passenger,1,2021
5553,train,2,0.141,0.3,passenger,0,2021
5554,train,2,0.132,10.0,passenger,0,2020
5555,train,2,0.174,0.45,passenger,1,2019
5556,train,2,0.144,1.4,truck,0,2021
5559,train,3,0.131,0.01,passenger,0,2020
5560,train,0,0.054,3.0,passenger,0,2021
5561,train,0,0.179,0.05,passenger,0,2019
5562,train,2,0.118,1.0,passenger,2,2020
5563,train,2,0.117,1.1,passenger,0,2021
5564,train,2,0.208,24.0,passenger,0,2019
5565,train,0,0.185,2.0,passenger,1,2020
5566,train,2,0.045,0.7,motorcycle,1,2020
5568,train,0,0.123,4.0,passenger,1,2020
5569,train,2,0.265,5.0,passenger,1,2021
5570,train,2,0.159,3.0,passenger,1,2021
5571,train,2,0.034,0.1,passenger,1,2020
5572,train,0,0.093,1.0,passenger,1,2021
5573,train,0,0.133,1.0,passenger,0,2021
5574,train,0,0.128,52.7,passenger,0,2020
5575,train,2,0.102,3.0,passenger,1,2021
5576,train,2,0.076,0.03,passenger,1,2021
5578,train,2,0.193,8.0,van,0,2021
5580,train,0,0.186,0.5,van,1,2020
5581,train,2,0.201,0.5,passenger,0,2021
5582,train,0,0.063,5.0,passenger,2,2021
5583,train,2,0.102,5.0,passenger,1,2021
5584,train,0,0.199,1.0,passenger,1,2020
5585,train,3,0.154,0.9,passenger,1,2021
5586,train,0,0.187,1.0,passenger,0,2021
5587,train,2,0.094,2.0,passenger,2,2020
5588,train,1,0.05,4.0,passenger,0,2022
5589,train,2,0.169,15.0,passenger,0,2021
5590,train,2,0.108,0.3,passenger,1,2019
5591,train,2,0.218,1.0,passenger,0,2021
5592,train,2,0.115,15.0,passenger,2,2020
5593,train,2,0.138,0.5,motorcycle,3,2021
5594,train,2,0.093,0.1,passenger,2,2020
5595,train,2,0.065,0.3,passenger,1,2021
5596,train,2,0.106,0.05,passenger,2,2021
5597,train,2,0.094,2.0,passenger,2,2020
5598,train,2,0.137,1.0,passenger,3,2019
5599,train,2,0.128,1.0,passenger,1,2021
5600,train,1,0.057,2.0,passenger,0,2021
5601,train,0,0.039,40.0,passenger,1,2020
5602,train,1,0.051,1.0,passenger,0,2021
5603,train,2,0.172,0.8,passenger,1,2020
5604,train,0,0.163,1.0,passenger,0,2021
5605,train,2,0.159,3.0,passenger,2,2021
5606,train,3,0.208,3.0,truck,1,2020
5607,train,2,0.047,10.0,truck,1,2020
5608,train,2,0.128,10.0,passenger,3,2021
5609,train,2,0.117,15.0,passenger,2,2021
5610,train,2,0.098,0.75,passenger,1,2020
5613,train,3,0.082,0.5,truck,2,2021
5614,train,0,0.106,0.003,passenger,0,2021
5615,train,2,0.169,1.4,passenger,2,2020
5616,train,2,0.151,3.0,passenger,1,2021
5617,train,2,0.132,16.9,passenger,1,2021
5618,train,0,0.056,2.0,passenger,2,2021
5619,train,2,0.104,0.01,passenger,1,2020
5620,train,2,0.135,0.5,passenger,1,2021
5621,train,0,0.074,0.1,passenger,1,2019
5622,train,2,0.082,4.0,passenger,1,2020
5624,train,1,0.164,2.0,passenger,0,2021
5625,train,2,0.187,3.0,truck,1,2020
5627,train,2,0.003,1.0,motorcycle,3,2020
5628,train,3,0.097,0.01,truck,2,2021
5629,train,3,0.164,3.0,van,1,2020
5630,train,2,0.123,0.3,passenger,2,2021
5631,train,2,0.092,1.0,truck,1,2019
5632,train,2,0.11,1.0,passenger,2,2021
5633,train,3,0.185,7.0,passenger,0,2021
5634,train,0,0.085,0.2,passenger,1,2020
5635,train,2,0.163,5.0,passenger,2,2021
5636,train,2,0.104,22.0,passenger,0,2021
5637,train,2,0.162,0.01,passenger,2,2020
5638,train,2,0.151,2.8,passenger,1,2021
5640,train,2,0.194,5.0,passenger,1,2020
5641,train,2,0.093,0.001,passenger,1,2020
5642,train,2,0.107,0.01,passenger,1,2021
5643,train,2,0.104,6.0,passenger,2,2021
5644,train,2,0.197,3.6,passenger,0,2021
5645,train,2,0.166,7.0,passenger,2,2020
5646,train,2,0.11,15.0,passenger,0,2021
5647,train,2,0.111,0.5,truck,1,2021
5648,train,2,0.184,3.0,passenger,2,2021
5649,train,2,0.094,0.01,passenger,1,2019
5650,train,2,0.138,2.0,truck,2,2020
5651,train,2,0.116,2.5,passenger,1,2021
5652,train,2,0.184,1.0,passenger,1,2020
5653,train,2,0.121,0.5,passenger,0,2021
5654,train,1,0.119,1.0,passenger,2,2019
5655,train,2,0.124,0.5,passenger,1,2021
5657,train,2,0.088,1.2,passenger,1,2020
5658,train,0,0.136,0.1,passenger,0,2015
5659,train,2,0.121,0.4,passenger,1,2021
5660,train,2,0.136,0.02,passenger,1,2021
5661,train,2,0.132,15.0,truck,1,2021
5662,train,2,0.156,0.05,passenger,2,2019
5663,train,1,0.043,70.0,truck,0,2021
5664,train,0,0.196,0.5,passenger,1,2021
5665,train,2,0.113,0.02,passenger,2,2021
5666,train,2,0.124,0.05,truck,0,2021
5667,train,3,0.131,0.05,truck,1,2019
5668,train,1,0.136,0.5,passenger,0,2021
5669,train,2,0.213,0.05,passenger,0,2020
5670,train,2,0.229,0.35,passenger,0,2021
5671,train,2,0.08,8.0,truck,1,2021
5672,train,2,0.237,1.3,passenger,1,2020
5673,train,2,0.063,0.02,passenger,1,2019
5674,train,2,0.08,7.0,passenger,1,2020
5675,train,0,0.083,0.02,passenger,1,2020
5676,train,2,0.114,0.56,passenger,1,2021
5677,train,2,0.035,0.4,passenger,2,2021
5678,train,2,0.19,20.0,van,0,2021
5679,train,2,0.062,0.5,passenger,2,2021
5680,train,2,0.098,0.5,passenger,1,2021
5681,train,0,0.088,1.0,passenger,0,2021
5682,train,2,0.093,1.0,motorcycle,1,2019
5683,train,0,0.104,35.0,passenger,0,2020
5684,train,0,0.065,8.0,passenger,1,2020
5686,train,2,0.124,2.0,passenger,1,2021
5687,train,0,0.125,0.1,passenger,0,2021
5688,train,2,0.124,8.0,passenger,0,2021
5689,train,2,0.103,5.0,passenger,1,2021
5692,train,0,0.092,0.8,motorcycle,0,2021
5693,train,2,0.069,10.0,passenger,3,2020
5694,train,0,0.047,2.0,passenger,0,2021
5696,train,2,0.07,0.2,passenger,1,2020
5697,train,1,0.09,0.5,passenger,0,2021
5698,train,2,0.157,2.0,passenger,1,2020
5699,train,2,0.216,20.0,passenger,1,2021
5700,valid,2,0.166,0.14,passenger,2,2021
5701,valid,2,0.075,1.0,passenger,2,2021
5702,valid,2,0.185,0.01,passenger,1,2020
5703,valid,2,0.09,3.0,passenger,0,2021
5704,valid,1,0.191,0.001,passenger,0,2021
5705,valid,2,0.224,1.0,truck,2,2019
5706,valid,2,0.151,0.005,passenger,1,2021
5707,valid,3,0.084,0.05,passenger,3,2021
5709,valid,2,0.14,28.0,passenger,1,2020
5710,valid,2,0.191,3.0,passenger,1,2020
5711,valid,0,0.139,0.05,truck,1,2021
5712,valid,2,0.1,5.0,passenger,0,2021
5714,valid,0,0.172,0.15,passenger,0,2021
5715,valid,1,0.078,2.0,passenger,0,2021
5717,valid,2,0.205,5.0,passenger,0,2021
5718,valid,2,0.154,8.0,passenger,0,2021
5719,valid,2,0.166,7.0,passenger,0,2021
5720,valid,1,0.152,7.9,passenger,0,2021
5721,valid,2,0.171,1.5,passenger,1,2020
5722,valid,2,0.058,0.5,passenger,1,2021
5723,valid,3,0.189,1.0,passenger,1,2021
5724,valid,2,0.102,10.0,passenger,3,2020
5725,valid,1,0.191,0.5,passenger,0,2021
5726,valid,2,0.233,2.0,passenger,0,2020
5728,valid,2,0.207,0.8,passenger,0,2021
5729,valid,1,0.139,0.001,passenger,0,2021
5730,valid,2,0.158,0.15,motorcycle,4,2020
5731,valid,2,0.171,0.8,passenger,2,2019
5733,valid,2,0.197,0.05,passenger,3,2021
5734,valid,0,0.054,0.5,passenger,2,2020
5735,valid,0,0.188,0.1,motorcycle,1,2020
5736,valid,3,0.078,1.0,passenger,1,2020
5737,valid,2,0.17,1.5,passenger,1,2020
5740,valid,2,0.115,2.0,truck,1,2020
5741,valid,0,0.095,0.05,passenger,1,2021
5742,valid,2,0.166,4.0,passenger,1,2021
5743,valid,2,0.108,3.0,passenger,1,2020
5746,valid,2,0.119,2.0,passenger,0,2020
5747,valid,2,0.195,0.005,passenger,1,2019
5748,valid,2,0.078,4.0,passenger,1,2021
5750,valid,2,0.106,0.5,passenger,1,2021
5751,valid,2,0.186,0.5,passenger,1,2021
5752,valid,2,0.225,0.3,truck,1,2021
5754,valid,2,0.124,6.0,passenger,1,2019
5755,valid,2,0.075,0.5,passenger,2,2021
5756,valid,2,0.073,0.8,passenger,1,2020
5757,valid,3,0.191,0.03,passenger,1,2021
5759,valid,2,0.211,4.0,passenger,0,2020
5760,valid,2,0.092,0.02,passenger,2,2020
5761,valid,2,0.15,3.0,passenger,1,2020
5762,valid,1,0.053,3.0,truck,0,2021
5763,valid,2,0.165,0.5,passenger,1,2021
5764,valid,2,0.064,1.0,truck,3,2019
5765,valid,2,0.067,1.5,passenger,2,2020
5766,valid,2,0.136,0.15,passenger,1,2021
5767,valid,3,0.172,2.0,passenger,3,2021
5768,valid,2,0.128,1.5,van,1,2020
5769,valid,2,0.196,10.0,passenger,1,2021
5770,valid,2,0.214,0.2,passenger,1,2021
5771,valid,2,0.12,7.0,passenger,2,2020
5772,valid,2,0.085,4.0,passenger,3,2020
5773,valid,1,0.164,0.2,passenger,0,2021
5774,valid,0,0.077,5.9,passenger,1,2020
5775,valid,2,0.084,1.0,truck,2,2021
5776,valid,3,0.223,0.1,truck,3,2019
5777,valid,2,0.163,0.05,passenger,1,2021
5778,valid,1,0.124,5.0,passenger,0,2021
5779,valid,2,0.131,2.0,truck,2,2020
5780,valid,1,0.036,0.2,passenger,0,2021
5781,valid,0,0.175,0.37,passenger,0,2021
5782,valid,2,0.104,1.0,passenger,2,2021
5784,valid,1,0.083,0.3,passenger,0,2021
5785,valid,2,0.192,0.005,passenger,0,2021
5786,valid,0,0.144,0.2,passenger,1,2020
5788,valid,2,0.104,2.0,passenger,2,2019
5789,valid,0,0.141,0.5,passenger,1,2020
5790,valid,2,0.235,1.0,passenger,1,2021
5791,valid,2,0.14,7.0,passenger,1,2021
5792,valid,2,0.244,10.0,van,1,2021
5796,valid,2,0.127,9.0,passenger,2,2021
5797,valid,3,0.249,15.0,passenger,0,2021
5799,valid,2,0.153,6.8,passenger,1,2020
5800,valid,0,0.051,0.5,passenger,1,2020
5801,valid,2,0.096,2.4,passenger,1,2020
5803,valid,2,0.131,20.0,passenger,0,2021
5805,valid,2,0.214,0.3,passenger,2,2020
5806,valid,2,0.125,10.0,passenger,1,2020
5807,valid,2,0.242,2.0,truck,1,2021
5808,valid,2,0.114,0.2,passenger,2,2020
5809,valid,2,0.039,0.005,passenger,1,2019
5810,valid,2,0.099,2.0,passenger,1,2020
5811,valid,2,0.15,0.05,passenger,1,2019
5812,valid,2,0.097,1.5,passenger,2,2021
5813,valid,2,0.097,0.5,passenger,1,2021
5814,valid,2,0.159,0.05,passenger,2,2020
5815,valid,2,0.035,0.005,passenger,1,2019
5816,valid,2,0.153,4.0,passenger,1,2021
5817,valid,2,0.211,0.05,passenger,2,2020
5818,valid,2,0.229,0.5,passenger,1,2019
5819,valid,0,0.034,0.15,passenger,1,2020
5820,valid,1,0.155,2.0,passenger,0,2021
5821,valid,2,0.235,0.1,truck,0,2019
5822,valid,2,0.141,99.0,passenger,0,2020
5823,valid,2,0.149,1.0,passenger,1,2019
5824,valid,2,0.087,0.05,passenger,1,2019
5825,valid,3,0.135,0.5,passenger,1,2021
5826,valid,2,0.173,0.02,passenger,1,2021
5827,valid,2,0.117,0.01,passenger,0,2021
5828,valid,3,0.179,0.8,passenger,2,2021
5829,valid,0,0.116,2.0,passenger,1,2020
5830,valid,2,0.062,2.0,passenger,2,2020
5831,valid,2,0.127,1.7,passenger,2,2021
5832,valid,3,0.14,0.1,truck,1,2020
5833,valid,2,0.069,0.5,passenger,1,2021
5834,valid,2,0.169,0.005,passenger,2,2021
5835,valid,2,0.145,0.19,passenger,1,2021
5836,valid,1,0.167,0.15,passenger,0,2021
5837,valid,2,0.057,1.6,passenger,1,2020
5838,valid,3,0.145,1.5,motorcycle,3,2020
5839,valid,2,0.156,18.0,passenger,1,2021
5840,valid,2,0.164,1.0,passenger,2,2020
5841,valid,2,0.263,0.05,passenger,0,2021
5843,valid,2,0.053,3.0,truck,1,2020
5844,valid,3,0.116,1.0,passenger,1,2021
5845,valid,2,0.089,0.01,passenger,1,2020
5846,valid,2,0.167,3.0,passenger,1,2020
5847,valid,3,0.075,0.5,passenger,4,2020
5848,valid,3,0.106,2.0,passenger,3,2020
5849,valid,2,0.078,7.0,passenger,2,2020
5850,test,0,0.095,25.0,passenger,2,2020
5851,test,2,0.086,0.7,passenger,3,2021
5852,test,2,0.172,7.0,motorcycle,1,2020
5853,test,2,0.11,5.0,passenger,3,2020
5854,test,2,0.188,0.02,passenger,2,2020
5855,test,2,0.144,12.0,passenger,1,2019
5856,test,2,0.15,0.3,passenger,1,2021
5857,test,2,0.105,0.2,passenger,2,2020
5858,test,2,0.161,0.5,passenger,2,2020
5859,test,1,0.175,2.0,passenger,0,2022
5861,test,2,0.114,1.0,truck,2,2020
5864,test,2,0.152,8.0,passenger,1,2021
5865,test,2,0.134,20.0,passenger,1,2020
5866,test,1,0.12,0.8,passenger,0,2021
5867,test,0,0.111,6.0,passenger,0,2021
5868,test,2,0.197,4.0,passenger,1,2020
5869,test,2,0.143,1.0,passenger,1,2021
5870,test,2,0.1,3.0,passenger,1,2021
5871,test,2,0.222,0.2,passenger,0,2020
5872,test,3,0.16,10.0,passenger,2,2020
5874,test,2,0.107,0.3,passenger,2,2020
5875,test,2,0.205,7.0,passenger,0,2020
5876,test,0,0.191,4.0,passenger,0,2013
5877,test,2,0.131,1.5,passenger,1,2020
5878,test,2,0.177,0.05,passenger,1,2021
5879,test,2,0.112,0.001,passenger,1,2021
5881,test,2,0.036,0.5,passenger,1,2020
5882,test,0,0.12,2.0,passenger,0,2020
5883,test,0,0.144,0.2,passenger,2,2021
5884,test,1,0.094,3.0,passenger,0,2020
5885,test,2,0.078,0.3,passenger,1,2021
5886,test,2,0.075,0.2,passenger,2,2020
5887,test,0,0.133,0.5,passenger,0,2021
5888,test,3,0.125,23.0,passenger,1,2020
5889,test,3,0.171,10.0,passenger,1,2020
5890,test,2,0.12,0.001,passenger,0,2021
5891,test,2,0.155,1.0,passenger,0,2021
5892,test,2,0.089,0.1,passenger,1,2020
5893,test,2,0.047,5.0,passenger,2,2021
5894,test,3,0.142,9.0,passenger,1,2020
5895,test,2,0.131,2.0,truck,2,2021
5896,test,2,0.13,0.2,passenger,2,2021
5897,test,2,0.098,10.0,passenger,3,2020
5898,test,2,0.117,5.0,van,1,2020
5899,test,3,0.113,1.0,passenger,2,2020
5900,test,2,0.144,2.0,passenger,0,2021
5901,test,2,0.07,0.5,passenger,2,2019
5902,test,2,0.172,0.2,passenger,1,2020
5903,test,2,0.049,0.8,passenger,2,2019
5904,test,3,0.152,5.0,passenger,1,2021
5906,test,2,0.126,0.1,passenger,0,2021
5907,test,2,0.116,0.02,passenger,1,2021
5908,test,0,0.128,4.0,passenger,1,2020
5909,test,2,0.067,5.0,passenger,4,2020
5910,test,3,0.225,2.2,passenger,0,2021
5911,test,2,0.031,1.0,passenger,2,2019
5912,test,2,0.199,1.0,truck,1,2020
5913,test,2,0.126,0.1,passenger,2,2020
5914,test,0,0.056,0.15,passenger,1,2020
5915,test,2,0.105,0.2,passenger,2,2021
5916,test,2,0.144,8.0,passenger,2,2020
5917,test,1,0.186,8.0,passenger,0,2019
5918,test,2,0.092,0.2,truck,0,2021
5919,test,2,0.102,1.0,passenger,2,2020
5920,test,2,0.146,0.3,passenger,0,2021
5921,test,2,0.145,3.0,passenger,1,2021
5923,test,2,0.126,0.7,passenger,2,2021
5924,test,2,0.12,2.0,passenger,2,2020
5925,test,2,0.069,2.8,passenger,1,2020
5926,test,2,0.111,4.7,passenger,1,2021
5928,test,2,0.104,0.5,passenger,2,2021
5929,test,2,0.103,0.8,passenger,1,2020
5930,test,2,0.096,0.1,passenger,2,2019
5931,test,2,0.129,6.0,passenger,2,2019
5932,test,0,0.095,0.003,passenger,0,2021
5933,test,2,0.066,0.5,passenger,3,2019
5934,test,0,0.108,10.0,passenger,0,2021
5935,test,2,0.103,0.001,passenger,2,2020
5936,test,0,0.187,0.05,passenger,0,2020
5937,test,3,0.212,3.0,passenger,2,2021
5938,test,2,0.165,1.0,passenger,1,2020
5939,test,3,0.27,2.0,passenger,1,2020
5940,test,2,0.095,0.1,passenger,1,2020
5941,test,2,0.296,1.0,van,1,2020
5943,test,3,0.103,0.85,passenger,2,2021
5944,test,2,0.131,5.0,passenger,2,2021
5945,test,2,0.212,15.0,passenger,0,2020
5946,test,2,0.067,0.03,passenger,3,2020
5947,test,2,0.181,0.3,passenger,0,2021
5948,test,2,0.162,3.5,passenger,0,2021
5949,test,3,0.241,2.0,passenger,3,2021
5950,test,2,0.131,5.0,passenger,3,2019
5951,test,2,0.098,1.0,passenger,2,2019
5952,test,0,0.095,1.0,passenger,1,2021
5953,test,2,0.069,0.1,van,2,2019
5954,test,2,0.13,10.0,passenger,1,2021
5955,test,2,0.252,4.0,passenger,1,2021
5956,test,2,0.167,1.0,truck,2,2020
5957,test,1,0.104,20.0,passenger,2,2019
5958,test,2,0.08,1.0,truck,1,2019
5959,test,2,0.115,3.0,passenger,2,2019
5960,test,2,0.109,1.0,van,0,2019
5961,test,2,0.155,0.5,passenger,0,2021
5962,test,2,0.098,1.0,passenger,2,2021
5963,test,2,0.145,1.5,passenger,0,2021
5964,test,1,0.103,5.0,truck,0,2021
5965,test,2,0.241,0.3,passenger,2,2020
5966,test,2,0.098,0.3,passenger,1,2019
5967,test,0,0.126,0.3,passenger,0,2021
5968,test,3,0.21,0.06,passenger,3,2015
5969,test,2,0.142,12.0,passenger,1,2020
5970,test,3,0.209,0.1,passenger,4,2021
5971,test,2,0.092,0.05,passenger,3,2021
5972,test,2,0.089,4.0,passenger,1,2019
5973,test,2,0.093,1.0,passenger,1,2021
5975,test,2,0.15,5.0,truck,0,2021
5976,test,2,0.099,2.7,van,1,2021
5978,test,3,0.114,1.0,truck,0,2021
5979,test,2,0.051,1.0,truck,1,2020
5980,test,3,0.172,1.0,passenger,1,2019
5981,test,2,0.166,0.05,passenger,0,2021
5982,test,2,0.141,0.2,passenger,2,2020
5983,test,0,0.04,1.0,passenger,0,2021
5984,test,2,0.08,2.0,truck,0,2019
5985,test,2,0.139,7.0,passenger,1,2021
5986,test,2,0.071,1.0,truck,1,2021
5987,test,2,0.175,2.0,passenger,1,2021
5990,test,2,0.153,8.0,passenger,2,2020
5991,test,1,0.151,0.04,passenger,2,2018
5992,test,0,0.13,0.02,passenger,1,2020
5993,test,3,0.047,0.003,passenger,3,2020
5995,test,2,0.085,10.0,passenger,2,2020
5996,test,3,0.125,0.1,passenger,2,2021
5997,test,2,0.204,0.1,passenger,2,2020
5998,test,2,0.077,1.0,passenger,1,2021
5999,test,3,0.182,0.5,passenger,0,2021
